antibody_id,virus_id,neut
2408c.3,3589_V1_C4,0
VRC34-UCA,703010217_B6,0
PC39-45B,TRJO4551_58,0
CH103,CNE31,0
ACS122,6240_08_TA5_4622,0
DH270.6,CNE40,0
CH04,B035_ENV09,0
VRC34.05,R1166_C1,0
PGT135,DU422_1,0
VRC03,246_F3_C10_2,0
GPZ6-a.01,3637_V5_C3,0
vFP49.02,DU123_06,0
PC39-28E,BJOX009000_02_4,0
Z13e1,CNE21,0
F105,246_F3_C10_2,0
HmAb64,BJOX028000_10_3,0
F105,RHPA4259_7,0
2413a,3817_V2_C59,0
DH851.1,CE0682_E4,0
VRC42.02,3415_V1_C1,0
VRC33.01,TZBD_02,0
PCT64-35E,92BR020,0
PCDN-38B,Q769_D22,0
447-52D,X2131_C1_B5,0
A12V163-a.02,6644_V2_C33,0
vFP49.02,A03349M1_VRC4A,0
VRC46.01,TZA125_17,0
vFP48.02,92BR025_9,0
A12V163-a.01,7165_18,0
6561-a.01,KNH1209_18,0
VRC01,TV1_21,0
447-52D,B008_ENV05,0
PCT64-35M,6041_V3_C23,0
PGT121,0077_V1_C16,0
DFPH-a.03,R1166_C1,0
PC39-28E,001428_2_42,0
CAP257-RH1,BR07,0
VRC26.19,REJO4541_67,0
HJ16,B006_ENV02,0
0PV-a.01,Q769_D22,0
DH1317.4,1245045,0
DH1317.4,3103_V3_C10,0
VRC26.05,AC10_29,0
PC39-23A,A07412M1_VRC12,0
2413a,MN_3,0
1F7,APV_6,0
DFPH-a.03,X1632_S2_B10,0
6561-a.01,CE0682_E4,0
PCDN-16A,QH0692_42,0
VRC23,WITO4160_33,0
T646-a.01,Q769_D22,0
VRC26.26,1012_11_TC21_3257,0
2408c.3,T250_4,0
PGT136,APV_13,0
VRC41.01,X1632_S2_B10,0
SF5,CNE20,0
10-1074,91C34_W12_S11_12_5,0
E51,3016_V5_C45,0
EN02_05_B08,92BR025_9,0
b13,AC10_29,0
CH04,703357_C2,0
6070-a.01,0260_V5_C36,0
VRC26.18,WITO4160_33,0
ElsE1,PVO_4,0
HJ16,CNE10,0
DH270 IA4,THRO4156,0
10-1074,Q461_E2,0
PC39-17C,REJO4541_67,0
DH796.1,B005018_8_F6_3,0
PCIN66B,T278_50,0
PC39-50K,CNE20,0
m66,MI369_A5,0
TRNM-a.01,R1166_C1,0
M1214_N2.2,3103_V3_C10,0
0PV-b.01,235_47,0
PGT128,B004_ENV02,0
35O22,SF162,0
HERH-a.01,CAP256_SU,0
E70,CH119_10,0
2408b,231965_C1,0
48d,3337_V2_C6,0
Bess4,231966_C2,0
VRC26.29,MB201_A1,0
3BC176,231965_C1,0
IOMA,CNE7,0
2F5,98_F4_H5_13,0
Z13e1,3168_V4_C10,0
DH272,CNE58,0
0PV-b.01,6838_V1_C35,0
b6,TRO_11,0
PG16,CAP255_2000_008WPI_4D,0
PC39-50I,HXB2,0
PC39-17A,ZM135_10A,0
M4008_N1,CNE20,0
PGT142,NL43,0
PGT121,1HD1_W4_012016_C12_S94,0
DH851.3,9004SS_A3_4,0
35O22,MG505_W0M_A2,0
2G12,P2059_B12,0
DJ85-c.01,C1080_C3,0
DF1W-a.02,3637_V5_C3,0
DF1W-a.02,25711_2_4,0
PGDM21,CAP210_E8,0
PGT121,1HC2_W4_012016_F6_S83,0
10-1074,9372_BL_E6_1,0
m66,CNE56,0
VRC-PG05,TH976_17,0
44715-a.01,ZM246F,0
PCT64-35B,ZM214_15,0
PGT151,R3265_C6,0
IOMA-HC-DDE,703010054_2A2,0
VRC26.02,96ZM651_02,0
3BC315,0439_V5_C1,0
IOMA-HC-DDE,CNE55,0
E51,6471_V1_C16,0
10-1074,242_14,0
vFP1.01,ZM55_28A,0
VRC34.05,235_47,0
vFP5.01,H086_8,0
vFP7.05,CNE12,0
DH650.8,16055_2_3,0
HJ16,ZM53_12,0
M1214_N2,DU156_12,0
PCT64-35M,CH038_12,0
VRC41.01,Q769_D22,0
CAP257-RH1,3589_V1_C4,0
2557,JRCSF,0
VRC33.01,3301_V1_C24,0
PCDN-22B,94UG103,0
VRC34.07,TRJO4551_58,0
3906,REJO4541_67,0
DJ85-a.01,TRJO4551_58,0
HJ16,PRB926_04_A9_4237,0
DRVIA7,DRVI01_0507_14,0
PGT135,CAP256_SU,0
IOMAmin5,T250_4,0
CH01,3326_V4_C3,0
vFP53.02,T255_34,0
3BC315,ADA,0
HmAb64,TH966_8,0
vFP5.01,CNE10,0
VRC07-523LS.v34,BL01,0
VRC26.04,TRJO4551_58,0
2723-2121,703010217_B6,0
15e,Q769_D22,0
DH270.6,CNE15,0
2F5,0041_V3_C18,0
15e,CH117_4,0
PGT121,9341_W5_S40_B6,0
41328-a.01,BJOX025000_01_1,0
GPZ6-a.01,Q259_17,0
PCT64-35D,ADA,0
DH270 IA4,DU422_1,0
HmAb64,ZM106_9,0
PCIN71F,YU2,0
VRC26.10,ZM249_1,0
MinVRC01,MS208_A1,0
PCT64-35O,DH12,0
PGT130,BJOX025000_01_1,0
HmAb64,NKU3006_EC1,0
vFP5.01,BG505_W6M_C2,0
VRC34.01,CNE15,0
VRC26.32,CAP45_G3,0
ACS117,SC05_8C11_2344,0
VRC08,X2088_C9,0
2F5,BC13,0
VRC44.01,0439_V5_C1,0
VRC01,714910601_50,0
PCT64-18D,0260_V5_C36,0
41328-a.01,SC422_8,0
VRC38.07,DU172_17,0
2F5,SHIV_CNE40_JD14_W29_2,0
PCT64-35I,SC422_8,0
m66,BS208_B1,0
447-52D,16845_2_22,0
VRC26.21,ZM109_4,0
PGT121,CAP220_2_00_A8_5B,0
DF1W-a.01,THRO4156,0
VRC34.05,SC422_8,0
vFP20.01,X2088_C9,0
3019,RHPA4259_7,0
VRC26.19,SC422_8,0
3BNC117,SHIV_CNE40_JB98_W29_10,0
PC39-61A,CAAN5342,0
PGT121,5257_V7_D7_1,0
17b,VA40774,0
PGT128,89_F1_2_25,0
2G12,CAP221_B14,0
2G12,SC17_32,0
vFP53.02,0330_V4_C3,0
VRC08,TZA125_17,0
PGT151,704809221_1B3,0
10-1074,H086_8,0
VRC-CH31,CNE20,0
GPZ6-a.01,89_6,0
DF1W-a.01,R1166_C1,0
1C2-rabbit,Q461_E2,0
DH270min12,6405_V4_C34,0
VRC26.25,16845_2_22,0
2408b,25925_2_22,0
VRC34.05,6101_1,0
ACS125,DU156_12,0
VRC34.01,235_47,0
RHA1.V2.01,CAAN5342,0
VRC26.03,92RW020_2,0
DFPH-a.15,6535_3,0
HJ16,25710_2_43,0
4025,BX08_16,0
VRC01-5fH/0fL,DU422_1,0
GPZ6-a.01,SS1196_1,0
916B2,QF495_23M_A3,0
CH02,B002_ENV03,0
PGDM21,C3347_C11,0
F105,X2278_C2_B6,0
DH851.2,JRFL,0
ACS101,231966_C2,0
GPZ6-b.01,R1166_C1,0
PGT123,191821_E6_1,0
VRC26.27,CNE31,0
4022,REJO4541_67,0
Bess4,703010054_2A2,0
vFP1.01,X1632_S2_B10,0
DJ85-c.01,3326_V4_C3,0
N49P19,DU422_1,0
VRC07,6471_V1_C16,0
17b,CH070_1,0
DFPH-a.01,3337_V2_C6,0
HK20,1012_11_TC21_3257,0
DF1W-a.01,Q769_D22,0
KD-247,CH106_C,0
2413c,T253_11,0
VRC42.I3,CNE30,0
VRC42.I3,H086_8,0
VRC-PG19,BG1168_1,0
GPZ6-b.01,CNE8,0
2G12,B019_ENV02,0
6561-a.01,DJ263_8,0
179NC75,X2088_C9,0
42056-a.01,3365_V2_C20,0
PC39-55D,CE2060_G9,0
VRC01,714910601_19,0
b12,B036_ENV03,0
0PV-a.01,6322_V4_C1,0
vFP7.05,BAL_01,0
48d,6405_V4_C34,0
EN02_05_B08,X2088_C9,0
F105,247_23,0
DH851.3,CNE58,0
DFPH-a.15,T257_31,0
VRC03,CE0393_C3,0
2158,DU156_12,0
T646-a.01,X2131_C1_B5,0
DH270min1,A07412M1_VRC12,0
2F5,BC16,0
vFP49.02,PVO_4,0
QA013.19,CAP210_E8,0
VRC-CH31,H086_8,0
2F5,249M_B10,0
VRC26.26,6952_V1_C20,0
CH04,21020_13,0
DH796.1,57128_VRC15,0
DH1317.4,25710_2_43,0
PC39-61B,SC422_8,0
PC39-23C,CAP45_G3,0
DH270min12,242_14,0
vFP7.05,WITO4160_33,0
DH270.1,BR07,0
17b,T255_34,0
bNAb1586,246_F3_C10_2,0
VRC26.05,DU172_17,0
42056-b.01,928_28,0
48d,6631_V3_C10,0
V033-a.01,Q769_H5,0
vFP53.02,TH966_8,0
F105,6785_V5_C14,0
A12V163-b.01,JRCSF,0
VRC34-UCA,0330_V4_C3,0
40591-a.01,T251_18,0
PGT125,0330_V4_C3,0
GPZ6-b.01,CH181_12,0
HJ16,3103_V3_C10,0
DH270.5,3589_V1_C4,0
DH270.6,UG024_2,0
VRC26.13,ZM249_1,0
PGT145,0933_V4_C4,0
LJF-0024,16845_2_22,0
b6,ZM233_6,0
PGT142,CNE30,0
PGT141,SF162,0
2413b,398_F1_F6_20,0
PC39-23D,REJO4541_67,0
VRC42.02,CAAN5342,0
PCIN71B,ZM135_10A,0
VRC44.02,3168_V4_C10,0
VRC41.02,TH966_8,0
PGT126,B003_ENV04,0
PCT64-35B,WEAU_D15_410,0
VRC-PG04,ZM135_10A,0
0PV-b.01,R2184_C4,0
DH270.1,BB539_2B13,0
PGZL1_gVmDmJ,62357_14_D3_4589,0
F105,KER2008_12,0
CAP257-RH1,231965_C1,0
VRC26.27,JRCSF,0
PCDN-27A,SF162,0
CH04,B027_ENV08,0
3BNC117,VRC607_14_00_H5,0
6070-a.01,62357_14_D3_4589,0
179NC75,6785_V5_C14,0
HK20,T250_4,0
179NC75,WITO4160_33,0
vFP7.05,6631_V3_C10,0
2F5,YN189_52,0
NC-Cow9,246_F3_C10_2,0
447-52D,96ZM651_02,0
VRC38.01,3873_V1_C24,0
VRC34-pI4,R3265_C6,0
VRC26.26,703010200_1E5,0
DH270min1,TH976_17,0
VRC34.07,92RW020_2,0
vFP16.02,QH209_14M_A2,0
O.4,Q23_17,0
VRC34-pI2,3988_25,0
VRC34.05,6405_V4_C34,0
PCIN71N1a,ZM135_10A,0
447-52D,16055_2_3,0
2408c.3,16936_2_21,0
GPZ6-a.01,3326_V4_C3,0
VRC-PG05,3326_V4_C3,0
1393A,CAP45_G3,0
VRC34-UCA,Q168_A2,0
PCT64-35C,RHPA4259_7,0
DF1W-a.02,CH038_12,0
6070-a.01,6545_V4_C1,0
N49P7,20915593,0
PCIN77D,231965_C1,0
PGT127,T257_31,0
E70,X1632_S2_B10,0
VRC33.01,DU422_1,0
CH02,CAAN5342,0
42056-a.01,X2088_C9,0
VRC33.01,ZM135_10A,0
PGT121,CH117_4,0
VRC42.I3,0077_V1_C16,0
VRC06b,247_23,0
VRC38.01,T255_34,0
41328-a.01,704809221_1B3,0
HERH-b.01,ZM197_7,0
CAP228-19F,CAP228_2_00_51J,0
DH650.8,6240_08_TA5_4622,0
VRC24,TV1_29,0
N6LS.C58,620345_C1,0
TRNM-b.01,MS208_A1,0
PC39-23C,92TH021,0
VRC42.I3,CAP210_E8,0
IOMA,KER2018_11,0
VRC38.01,6244_13_B5_4567,0
447-52D,T255_34,0
DFPH-a.15,ZM135_10A,0
PGT155,TRJO4551_58,0
VRC26.24,0260_V5_C36,0
2219,B039_ENV02,0
VRC26.26,WEAU_D15_410,0
b12,SC18_26,0
b13,16845_2_22,0
CH235,286_36,0
HERH-a.01,UG024_2,0
VRC42.I3,CNE58,0
DF1W-a.02,NKU3006_EC1,0
A12V163-a.01,MN_3,0
CH02,CNE8,0
m66,CNE40,0
VRC42.I3,3365_V2_C20,0
A12V163-a.02,T253_11,0
PC39-61A,ZM233_6,0
VRC38.09,CAAN5342,0
VRC26.04,Q461_E2,0
PGDM12,R3265_C6,0
ACS117,16845_2_22,0
VRC-PG05,211_9,0
VRC24,BG1168_1,0
VRC44.01,CNE55,0
DFPH-a.01,X1632_S2_B10,0
PC39-39A,CAP45_G3,0
PG16,ZM246F,0
PGT121,NAB13PRE_CL_9,0
PC39-28C,001428_2_42,0
DH651.8,X1632_S2_B10,0
PGT125,BF1266_431A,0
VRC26.03,TZA125_17,0
vFP5.01,P0402_C2_11,0
PC39-23D,X1632_S2_B10,0
LJF-0097,KNH1144,0
2G12,CT140_140_B6,0
VRC26.27,Q23_17,0
DJ85-b.01,6785_V5_C14,0
vFP5.01,Q168_A2,0
VRC01,CNE6,0
CH103,3873_V1_C24,0
DFPH-a.01,6322_V4_C1,0
0PV-c.01,25925_2_22,0
M1214_N1.2,R3265_C6,0
vFP7.05,KER2018_11,0
LJF-0109,16055_2_3,0
PC39-50L,CNE5,0
TRNM-b.01,R1166_C1,0
PCDN-16A,92RW020_2,0
HmAb64,BL01,0
PGT126,191955_A11,0
42056-a.01,CNE30,0
2F5,CNE65,0
b12,BJ5_11,0
CH04,X1254_C3,0
VRC34-UCA,ZM55_28A,0
DH270min12,MN_3,0
VRC40.02,CM244_EC1,0
b12,BJ613_E1,0
ACS101,6405_V4_C34,0
VRC26.03,A03349M1_VRC4A,0
Z13e1,ZM55_28A,0
KD-247,DU172_17,0
VRC38.03,6101_1,0
VRC34.05,DU156_12,0
DH270min12,C3347_C11,0
bNAb1586,25710_2_43,0
VRC34.05,26191_2_48,0
A12V163-a.01,CNE12,0
HERH-c.01,CNE40,0
VRC43.01,25710_2_43,0
0PV-b.01,X2088_C9,0
ACS125,16055_2_3,0
VRC26.01,AC10_29,0
PGT143,3016_V5_C45,0
vFP52.02,16936_2_21,0
VRC26.32,DU172_17,0
DFPH-a.03,3337_V2_C6,0
J038,ZM106_9,0
LJF-0142,BG505_W6M_C2,0
2G12,A07412M1_VRC12,0
vFP48.02,CNE30,0
BG505.61,QC406_70M_F3,0
447-52D,25711_2_4,0
179NC75,242_14,0
PCT64-35D,3817_V2_C59,0
vFP16.02,6535_3,0
CH103,TZA125_17,0
0PV-b.01,3016_V5_C45,0
VRC26.03,3415_V1_C1,0
15e,CH181_12,0
0PV-b.01,TH966_8,0
VRC26.09,3817_V2_C59,0
Z13e1,5768_4,0
2G12,GX43_2,0
F105,6322_V4_C1,0
DF1W-a.01,BAL_26,0
PC39-55C,X1632_S2_B10,0
HERH-a.01,CNE30,0
VRC42.I3,CAAN5342,0
CH58,703357_C2,0
10-1074,1HC3_W4_012616_G4_S89,0
M1214_N2,C3347_C11,0
PGT152,CE1172_H1,0
PCT64-24H,SC422_8,0
N49P19,620345_C1,0
VRC03,Q842_D12,0
PCT64-35B,Q259_17,0
PGT121,ELI,0
179NC75,M02138,0
PG16,SF162,0
DRVIA7,JRCSF,0
0PV-c.01,A07412M1_VRC12,0
PGDM21,CE2060_G9,0
LJF-0097,X2088_C9,0
2411a,DU151_02,0
PGDM21,MS208_A1,0
PCT64-35B,3817_V2_C59,0
IOMAmin3,BJOX010000_06_2,0
PCDN-38B,C1080_C3,0
PGT121,3637_V5_C3,0
VRC43.03,THRO4156,0
0PV-b.01,3365_V2_C20,0
PCIN71N1a,BAL_01,0
CH103,CAP256_SU,0
vFP16.02,3326_V4_C3,0
DH270min12,Q259_17,0
A12V163-b.01,P1981_C5_3,0
PCDN-16A,SS1196_1,0
VRC26.32,UG037_8,0
DH270.3,CH848_0000_TF,0
PC39-50J,CAP45_G3,0
CH235,96ZM651_02,0
2F5,98CN006,0
T646-a.01,BJOX010000_06_2,0
A12V163-a.02,001428_2_42,0
PCT64-35E,TRO_11,0
Min12A21,CE1086_B2,0
DH270min1,3415_V1_C1,0
447-52D,B013_ENV02,0
V031-a.01,0260_V5_C36,0
8ANC131,CH117_4,0
42056-a.01,704809221_1B3,0
PGZL1_gVmDmJ,R3265_C6,0
DH270min12,UG021_16,0
A12V163-b.01,16936_2_21,0
vFP16.02,NKU3006_EC1,0
V033-a.01,ZM214_15,0
VRC06b,242_14,0
5695-b.01,CH119_10,0
DH851.1,0260_V5_C36,0
IOMA,ZM233_6,0
vFP49.02,CAP256_SU,0
b12,98_F4_H5_13,0
HJ16,6041_V3_C23,0
2G12,CNE14,0
DFPH-a.03,R2184_C4,0
CH01,CE2010_F5,0
CH02,CNE21,0
6070-a.01,928_28,0
6561-a.01,191955_A11,0
PGT135,MB201_A1,0
DFPH-a.15,BJOX028000_10_3,0
m66,ADA,0
DH851.2,TRJO4551_58,0
HJ16,89_6,0
PC39-50K,C1080_C3,0
PCT64-35S,JRFL,0
DH270 IA3,Q769_D22,0
VRC34-UCA,3988_25,0
PGT145,SF162,0
1-79,QH0692_42,0
VRC26.13,TRJO4551_58,0
b12,92BR020,0
2C09,CNE56,0
PCIN71I1a,6540_V4_C1,0
DH851.2,CNE21,0
DFPH-a.01,A07412M1_VRC12,0
2G12,BC09,0
VRC26.06,NKU3006_EC1,0
DH650.8,3817_V2_C59,0
2G12,CAP382_2_00_D7_19,0
PCT64-18C,DU172_17,0
vFP52.02,CNE55,0
A12V163-a.02,SF162,0
VRC42.05,247_23,0
DFPH-a.01,57128_VRC15,0
PCT64-35H,ADA,0
E51,DU151_02,0
VRC34-pI3,247_23,0
A12V163-a.02,ZM197_7,0
PG16,6244_13_B5_4567,0
DFPH-a.15,ZM197_7,0
17b,SHIV_CNE40_JB98_W29_3,0
VRC34-pI2',CNE19,0
IOMAmin5,6545_V4_C1,0
VRC-CH31,6322_V4_C1,0
PCDN-38A,CAP45_G3,0
VRC34-pI3,MN_3,0
0PV-b.01,CNE15,0
PG9,6095_V1_C10,1
8ANC134,0439_V5_C1,1
PGT135,MS208_A1,1
2413c,MB201_A1,1
VRC01,VC4_15_136377_046,1
2408c.3,CNE53,1
VRC07-523LS.v32,7165_18,1
VRC01,A08483M1_VRC9,1
PGT152,1006_11_C3_1601,1
VRC40.02,JRFL,1
MinVRC01,WEAU_D15_410,1
3BNC117,AIIMS731_73105B,1
VRC-PG04,APV_6,1
VRC02,YU2,1
N49P23,THRO4156,1
PG9,SC13_EC03,1
PCIN71G,MS208_A1,1
SF12,PVO_4,1
10-1074,TSG22Y02E0037_DE37,1
PGZL1.H4K3,92RW020_2,1
VRC26.01,ZM197_7,1
VRC34.01,TSG21N01N018,1
2413c,CH181_12,1
DH511.3,398_F1_F6_20,1
N6LS.C51,BAL_26,1
PGT121,APV_13,1
iMab,CNE23,1
0PV-b.01,BB201_B42,1
2411a,PVO_4,1
VRC26.27,CNE21,1
PC39-39C,BAL_01,1
PGT131,BAL_01,1
PGT125,98CN009,1
10E8,09GX268,1
MEL-2129,92RW020_2,1
SF3,YU2,1
SF5,CE2010_F5,1
PGT123,CNE17,1
NIH45-46,3589_V1_C4,1
EN02_04_A06,288_38,1
VRC42.01,MW965_26,1
PGT151,AIIMS706_70606Z,1
561_01_18,6811_V7_C18,1
DF1W-a.02,QH209_14M_A2,1
VRC07,19314479_A2_5,1
DH651.5,X1632_S2_B10,1
DH511.11P,S32224_174WK_C33,1
N49P23,MS208_A1,1
EN01_007,V703_0203_081_RE_E8A5S,1
PG16,ZENV16_1202_7,1
VRC01,VC1_E14_109920_044,1
PGT145,BAL_26,1
2F5,MS208_A1,1
VRC07-523LS.v34,CNE30,1
VRC07,703010200_1E5,1
CH98,WITO4160_33,1
N49P7.2,6041_V3_C23,1
VRC07-523LS.v14,45_01DG5,1
PGT151,T251_18,1
VRC42.02,DU156_12,1
10E8,CM244_EC1,1
PCT64-35S,ZM233_6,1
DH270.1,CH848_D526_25_09,1
PG9,VC4_15_130811_176,1
PCT64-35D,DU156_12,1
VRC42.02,DJ263_8,1
N49P7.1,928_28,1
EN01_007,20198102_E9_G1,1
PGT131,JRCSF,1
N49P7.2,MS208_A1,1
VRC-PG04,CNE57,1
PGDM1400,16055_2_3,1
PGT126,211_9,1
10E8,CAP258_2_00_X_23,1
VRC26.19,CAP256_SU,1
10E8v4,V704_2541_080_RE_P003S,1
DH563,DU172_17,1
VRC26.25,11_3_J9,1
49G2,ZM233_6,1
4E10,CAP317_2_00_D4_10,1
LJF-0109,X1632_S2_B10,1
LJF-0024,R1166_C1,1
PGT127,94UG114,1
PC39-50I,BAL_01,1
DF1W-a.02,T253_11,1
PGT128,CAP340_2_00_B3_16,1
VRC40.01,0330_V4_C3,1
10E8,HUB32_3,1
VRC01,SC13_EC26,1
10-1074,57128_VRC15,1
PGT126,SH6_81,1
VRC26.26,SC422_8,1
DH511.12P,0330_V4_C3,1
PG16,B015_ENV04,1
VRC40.02,CNE30,1
N49P7.1,Q23_17,1
VRC34.01_Combo1,MI369_A5,1
PGT145,TSG22Y04A0011_H11,1
VRC01,TSG_EHI36,1
35O22,SC13_EC21,1
PC39-50L,X1193_C1,1
VRC26.08,3326_V4_C3,1
PGT145,S52026_432WK_C83,1
10E8,434239_AA058_A04R,1
N6LS.C1,C1080_C3,1
3BNC117,21261106_C12_H2,1
DFPH-a.01,TZBD_02,1
PC39-61B,T255_34,1
PGDM1400,PG37066_J1,1
3BNC117,1536_V15_C11_2,1
35O22,191955_A11,1
VRC26.18,KER2018_11,1
12A12,3817_V2_C59,1
VRC42.N1,TV1_29,1
10E8,SC422_8,1
VRC-CH31,WEAU_D15_410,1
PCIN71O,TRJO4551_58,1
7H6,SC13_EC21,1
N49P11,R2184_C4,1
VRC07-523LS.v14,6535_3,1
VRC07,706010164_1A7_REV,1
VRC26.19,Q842_D12,1
10E8v4,X1193_C1,1
PC39-17A,0260_V5_C1,1
10E8v4,ZM246F,1
PCIN71G,CE2060_G9,1
b12,98IN022,1
PG9,X1193_C1,1
PGT151,0330_V4_C3,1
VRC01.23LS,KNH1209_18,1
6070-a.01,CNE17,1
10E8,GX28_31,1
179NC75,THRO4156,1
VRC08c,703010217_B6,1
PGT121,CAP206_1_B5,1
PGT121,2990_BL_E5_2,1
2N5,JRFL,1
PCIN71J2a,BAL_01,1
PGT145,20915593,1
vFP20.01,CNE57,1
4E10,UG037_8,1
VRC42.04,3337_V2_C6,1
N6,CE1176_A3,1
PC39-61A,6480_V4_C25,1
BG24,MS208_A1,1
4E10,QD435_100M_A4,1
DH511.11P,X1193_C1,1
LJF-0097,ZM109_4,1
EN02_04_A06,WITO4160_33,1
QA013.2,CH119_10,1
10-1074,9009SA_A4_2,1
SF5,001428_2_42,1
PGT121,DRVI01_0912_2,1
VRC-PG04,S30440_173WK_C66,1
NIH45-46,0404_BM_G3,1
VRC-CH31,BC11,1
PGT128,QH0692_42,1
PGDM1400,1056_10_TA11_1826,1
EN02_04_A06,V703_1945_090S_2F1,1
2F5,CNE3,1
AIIMS-P01,AC10_29,1
N49P9,ZM214_15,1
3BNC117,6292_V7_A11_1,1
PGT123,0330_V4_C3,1
561_01_18,6480_V4_C25,1
N6LS.C30,CNE57,1
4E10,CNE6,1
CH235.12,6095_V1_C10,1
RHA1.V2.01,X2278_C2_B6,1
4E10,126652V01_EC5,1
PGT121,BAL_26,1
PGT121,SHIV_CNE40_JD14_W29_16,1
MinVRC01,ADA,1
VRC38.09,BG505_W6M_C2,1
PC39-39A,JRFL,1
10-1074,AIIMS731_73105B,1
3BNC117,RBF208,1
VRC26.09,3016_V6_C3,1
10E8,SHIV_CNE40_JD14_W29_3,1
10E8,CBJC504_09_08,1
VRC34.01,TSG21Y02E0014_D14,1
PGT128,1054_07_TC4_1499,1
FD22,CNE55,1
VRC08c,TRO_11,1
PGT121,VC1_E14_110488_011,1
CH235.12,V704_1180_070ESN,1
8ANC195,703357_C2,1
PGT127,RHPA4259_7,1
PGZL1,DH12,1
4E10,1006_11_C3_1601,1
VRC26.25,2_7_J1,1
VRC42.02,AC10_29,1
VRC07-523LS.v34,T280_5,1
4E10,MUW101769A_EC04,1
10E8-19fH/10fL,ZA012_29,1
VRC43.01,CNE8,1
N6LS.C1,3468_V1_C12,1
7H6,B012_ENV02,1
VRC01,V704_2164_030_ESN,1
DH270min11,0260_V5_C36,1
3BNC117,FR_2012_173,1
EN02_04_A06,V703_0203_081_RE_E8A5S,1
561_01_18,V704_2164_030_ESN,1
PG16,YN189_52,1
PGDM1400,318_AT_SGA1,1
VRC07-523LS.v34,TZA125_17,1
DJ85-b.01,263_8,1
SF2,X2278_C2_B6,1
b6,NAB01_C14,1
PCT64-35O,CNE17,1
BG24,DU156_12,1
N6LS.C51,KNH1209_18,1
N6LS.C49,BAL_26,1
PC39-50K,X2131_C1_B5,1
3BNC117,079_LN_SGA9,1
VRC-CH31,BJ175_4,1
CH02,928_28,1
3BNC117,P0402_C2_11,1
LJF-0087,Q259_17,1
PGT121,0260_V5_C36,1
DH511.5,PVO_4,1
N6,Q259_17,1
35O22,6545_V4_C1,1
VRC26.26,0921_V2_C14,1
VRC01,TSG21Y02E0011_D11,1
10E8,45_01DG5,1
2723-4186,TRO_11,1
NIH45-46,246_F3_C10_2,1
PGT128,0439_V5_C1,1
N6LS.C47,ZM249_1,1
EN02_01_D03,6952_V1_C20,1
PGT130,BJOX028000_10_3,1
VRC02,C1080_C3,1
VRC33.01,288_38,1
PG9,GZ38_2,1
N49P7.1,3301_V1_C24,1
VRC34.01_Combo1,CAAN5342,1
VRC26.09,ZM249_1,1
VRC26.26,CM244_EC1,1
EN02_05_B08,CNE30,1
PC39-28B,93IN905,1
PGT145,FR_2000_45,1
10E8 IgG mutant 5,25710_2_43,1
PC39-50L,92RW020_2,1
N49P7,MB539_2B7,1
VRC-PG04,NAB9PRE_CL_106,1
PGT151,079_LN_SGA9,1
10E8v4,V704_2981_150_RE_P001S_2559A,1
3BNC117,0404_BM_H4,1
VRC01,1HC1_D0_070516_F11_S91,1
4E10,SO186_H6_5,1
VRC34.01,MB539_2B7,1
N6LS.C1,TZBD_02,1
VRC-CH31,GX8C_31,1
VRC03,62357_14_D3_4589,1
NC-Cow1,ZM197_7,1
N49P18.1,BJOX015000_11_5,1
2F5,0907_V4_C12,1
2413b,ZM249_1,1
N49P11,ZM109_4,1
CH103,ZM215_8,1
PGT121,1HC3_D0_012016_F7_S31,1
10-1074,T250_4,1
ACS130,6535_3,1
VRC01e,398_F1_F6_20,1
PG9,CNE64,1
DH511.2,714909105_27,1
VRC26.25,A03349M1_VRC4A,1
PGT121,CT533_T23B_36,1
LN01,1006_11_C3_1601,1
4E10,3812_V6_C05,1
VRC03,0439_V5_C1,1
N6LS.C49,246_F3_C10_2,1
V031-a.01,6540_V4_C1,1
447-52D,CNE40,1
N6LS.C51,3168_V4_C10,1
LN01,QH0692_42,1
PCIN71G,Q259_17,1
PGT121,AC10_29,1
N6LS.C51,ZM109_4,1
VRC-PG05,TZBD_02,1
VRC34.01_mm28,96ZM651_02,1
VRC03,CNE55,1
ACS114,211_9,1
CH235.12,V703_1848_190_RE_E6D1S,1
VRC26.08,TZBD_02,1
3BNC117,6292_BL_C4_1,1
VRC26.09,CAP88_6M_C10,1
6561-a.01,3589_V1_C4,1
VRC01,714909105_14,1
VRC03,TRO_11,1
10E8,CBJC504_05_13,1
N49P7.2,ZM135_10A,1
10E8,VRC607_11_14_A4,1
4E9C,25710_2_43,1
BG38,001428_2_42,1
ACS117,R1166_C1,1
VRC01,V704_2095_130_RE_CS,1
N49P22,WITO4160_33,1
MEL-1872,703010010_C4,1
SF12,16845_2_22,1
PGT145,X2131_C1_B5,1
VRC01,3426_V5_C17,1
VRC-PG04,249M_B10,1
V033-a.01,BB539_2B13,1
N6LS.C49,CAP45_G3,1
VRC07,CNE31,1
3BNC117,MUW101273A_EC05,1
2F5,BL274_W6M_A3,1
DH270.1,PVO_4,1
PGT135,DRVI01_0912_5,1
N6,FR_2001_56,1
VRC01,SO706_T10B_3,1
3BNC117,707_W9_P_C5_S91,1
VRC01,V703_0790_190_RE_E5G1S,1
VRC07-523LS.v11,KER2018_11,1
N6LS.C58,C2101_C1,1
PGT121,GX155_55,1
V033-a.01,CE0393_C3,1
N6,SO706_T10B_3,1
M1214_N1,1006_11_C3_1601,1
PG16,VC1_E14_109920_005,1
ACS117,Q842_D12,1
PGT121,1HD6K_D0_061616_C10_S24,1
VRC07-523-W54-LS.v3,CNE21,1
10E8,093_BT_SGA13,1
PGT128,VC4_15_136377_95,1
VRC06b,CNE17,1
VRC06b,KER2018_11,1
PGT124,TRO_11,1
4E10,703010217_B6,1
N6,TSG_EHI28,1
b6,BAL_26,1
VRC01,92RW024,1
DFPH-a.15,ZM233_6,1
VRC07-523LS.v14,16845_2_22,1
EN02_01_D03,CNE30,1
10-1074,651_AT_SGA5,1
PGT121,B005018_8_F6_3,1
10E8,N1_FR_2011,1
PC39-50I,89_6,1
PG16,HT593_1,1
N60P1.1,CNE58,1
PGDM1400,PG37081_J36,1
VRC07,CAP310_2_00_20_2,1
VRC26.08,703010131_1E2,1
VRC07-523LS.v14,R1166_C1,1
VRC26.09,AIIMS709_70912B,1
3BNC117,X1193_C1,1
PC39-50G,RHPA4259_7,1
VRC43.01,X1632_S2_B10,1
CH235.12,V704_0622_250_RE_PBLIB001_S,1
PG9,BJOX009000_02_4,1
PC39-55C,3103_V3_C10,1
VRC41.01,MW965_26,1
2413b,CNE56,1
VRC07-523LS.v11,QH209_14M_A2,1
PGT151,JRFL,1
VRC26.08,3514597,1
VRC40.01,ZA012_29,1
N6LS.C1,CAP244_D3,1
PGT137,VLGC_B3,1
DH851.2,CNE30,1
LJF-0024,T251_18,1
DH511.12P,6101_1,1
NC-Cow1,ZM247_V1,1
8ANC134,PVO_4,1
DH270min11,89_6,1
N6LS.C49,CH117_4,1
PC39-23A,BAL_01,1
PGT121,YN189_52,1
2F5,REJO4541_67,1
PCT64-35G,1012_11_TC21_3257,1
Minimal BF520.1,CE1176_A3,1
10-847,SC422_8,1
PGDM1400,B006_ENV10,1
2F5,92RW008,1
4E10,TV1_21,1
BG18,SC422_8,1
VRC01,CE2010_F5,1
Bess1,C3347_C11,1
17b,SHIV_CNE40_JD14_W29_5,1
PGDM1400,2990_BL_E5_2,1
VRC-PG04b,YU2,1
PG9,231965_C1,1
VRC26.27,X2131_C1_B5,1
PGT145,B007_ENV01,1
VRC-PG20,T280_5,1
BG505.25,6535_3,1
VRC26.08,96ZM651_02,1
VRC26.25,704010042_2E5,1
2F5,NAB01_C14_REV,1
VRC34.01,QH209_14M_A2,1
VRC07,TSG_EHI38,1
VRC34.01,093_BT_SGA13,1
VRC34-pI4,MB201_A1,1
TRNM-a.01,ZM249_1,1
VRC26.08,BJOX002000_03_2,1
vFP7.05,CNE19,1
EN01_007,CE1176_A3,1
HJ16,V703_2769_050_RE_PBLIB002_S,1
1C2-rabbit,3988_25,1
CH01,CE0393_C3,1
N49P22,CNE8,1
PC39-28E,BAL_01,1
BG24,TRJO4551_58,1
DH511.2,2865_A11_12,1
PGDM1400,TSG22Y05A0021_BL21,1
3BNC117,190049,1
PCT64-35S,C4118_9,1
DH270min12,CH119_10,1
N6LS.C15,T251_18,1
3BNC117,CM244_90TH,1
EN02_04_A06,CNE8,1
N6,ME067_A10_15,1
SF7,CNE8,1
TRNM-c.01,TRJO4551_58,1
VRC34.01,TSG21S01A0013_STMART12,1
FD22,CNE68,1
10-1074,CAP136_1_16_E6_1,1
PGT121,CH119_10,1
CH01,9004SS_A3_4,1
VRC01e,703010217_B6,1
PGDM1400,CNE15,1
PG9,SC12_10,1
PGDM1400,TSG22Y05A0018_BL18,1
N6LS.C35,CH119_10,1
561_01_18,TSG_EHI42,1
8ANC195,C4118_9,1
1C2-rabbit,0013095_2_11,1
PGT135,SC422_8,1
VRC-PG04,CE2010_F5,1
8ANC134,BX08_16,1
PC39-61B,WEAU_D15_410,1
N6LS.C1,3365_V2_C20,1
PGT126,BC06,1
DH511.2,0933_V4_C4,1
PC39-50L,MS208_A1,1
N6,CAP330_2_00_F2_41,1
PGDM1400,NAB5PRE_CL_1,1
PGZL1.H4K3,6811_V7_C18,1
3BNC117,16936_2_21,1
IOMA,KO426_T78_10,1
CH04,126652V01_EC5,1
3BNC117,2936_V9_C3_2,1
DH511.2,KO426_T78_10,1
VRC01,079_PBMC_SGA17,1
8ANC195,191821_E6_1,1
4E10,1054_07_TC4_1499,1
4E10,093_LN_SGA8,1
PGDM1406,191084_B7_19,1
VRC-PG04b,CH038_12,1
VRC01,451_AT_SGA5,1
PC39-23A,CNE17,1
CH235.12,V703_0865_070S,1
4E10,BJ171_13,1
3BNC117,7190_BL_D10_4,1
N49P9.1,ZM249_1,1
PGDM1400,7190_BL_B1_1,1
PGT142,P1981_C5_3,1
EN02_04_A06,CAP177_1A3,1
DH270.1,CNE58,1
VRC42.02,16845_2_22,1
N6LS.C1,235_47,1
N6LS.C35,M02138,1
3BNC117,91C33_D0_S82_A4,1
561_01_18,KO459_T68_4,1
N49P9.3,6811_V7_C18,1
PGT145,249M_B10,1
EN02_01_D03,3365_V2_C20,1
438-B11,93IN905,1
VRC07,CH181_12,1
DH796.1,CAP266_2_00_E9_H6,1
PC39-50E,RHPA4259_7,1
10E8v4,Q259_17,1
DH511.5,CE1176_A3,1
PC39-17A,P0402_C2_11,1
VRC26.26,M02138,1
2F5,NAB5PRE_CL_1,1
TRNM-b.01,CNE30,1
PGT121,DRVI01_0507_12,1
FD22,001428_2_42,1
10E8,SC26_EC33,1
CH03,B039_ENV02,1
VRC01.23LS,BS208_B1,1
44715-a.01,ZM53_12,1
PC39-50B,RHPA4259_7,1
VRC07-523-W54-LS.v3,BB539_2B13,1
N6LS.C49,CNE57,1
10E8-3R,Q23_17,1
DH1317.4,HXB2,1
DH511.2,100383I_3_5,1
VRC26.08,MB539_2B7,1
N6,TSG_EHI50,1
10E8-10fH/4fL,TRJO4551_58,1
561_01_18,CAP266_2_00_E9_H6,1
10E8,CBJC515_05_24,1
561_01_18,V703_2769_050_RE_P01S,1
VRC01,CAP174_1_06_F3_1B,1
VRC03,SC12_EC9,1
PGT145,6838_V1_C35,1
VRC34-pI3,BG505_W6M_C2,1
PGT145,SHIV_CNE40_JD14_W29_20,1
ACS114,62357_14_D3_4589,1
PGT152,CNE21,1
PG16,09GX311,1
PGT151,6240_08_TA5_4622,1
VRC01-8fH/10fL,KER2018_11,1
VRC26.03,CNE21,1
BG18,330_15_C36,1
VRC01,SC26_EC05,1
BG18,T278_50,1
A16,CNE40,1
vFP16.02,C1080_C3,1
DH511.2,6022_V7_C24,1
3BNC117,CAP307_2_00_24_1,1
VRC01,714909105_20,1
M4008_N1,CE1172_H1,1
N49P9.1,WITO4160_33,1
N6LS.C30,BJOX010000_06_2,1
PG16,TZA125_17,1
10E8,CNE20,1
CH235.12,DU156_12,1
DFPH-a.03,BAL_01,1
3BNC117,B007_ENV06,1
VRC26.03,Q259_17,1
NIH45-46,235_47,1
PC39-23A,X1254_C3,1
12A21,3415_V1_C1,1
DH651.3,25710_2_43,1
VRC01,09GX300,1
EN02_01_D03,CNE17,1
2558,JRFL,1
PCT64-35M,Q842_D12,1
2F5,CBJC504_05_05,1
VRC43.01,Q769_H5,1
PGT130,CNE53,1
PC39-28C,DU156_12,1
8ANC131,CNE53,1
PGDM1400,5257_V7_D2_1,1
PCT64-18D,MS208_A1,1
561_01_18,V704_2777_210_SN_01G,1
PGT128,21203310_G7_C3,1
EN02_05_B08,703010217_B6,1
EN01_007,QH0692_42,1
PGT121,BJ171_13,1
PGT121,MI369_A5,1
VRC08e,BJOX002000_03_2,1
DH511.2,6040_V4_C15,1
PGT128,AIIMS704_70402,1
2219,YU2,1
vFP16.02,H086_8,1
PGDM1400,1HD5K_W4_061616_C12_S50,1
VRC26.25,CNE7,1
8ANC134,UG037_8,1
M4008_N1,ZM197_7,1
PG9,BJ6_17,1
N6,SHIV_CNE40_JD14_W29_3,1
PGDM1400,2990_BL_E2_8,1
VRC26.08,20286961_C1_H8,1
3BNC117,40100_V01_09,1
PCIN71K,SS1196_1,1
PGT151,V703_1848_190_RE_PBLIB002_S,1
GPZ6-b.01,CH117_4,1
PGT123,WEAU_D15_410,1
3BNC117,5257_V7_B9_2,1
4E10,SHX346_60,1
VRC26.25,20198102_E9_G1,1
TRNM-d.01,ZM249_1,1
N6LS.C30,BJOX025000_01_1,1
Bess4,703010217_B6,1
VRC01,V704_2065_060_RE_P001S,1
NIH45-46,NAB9PRE_CL_106,1
PC39-23A,SS1196_1,1
VRC01,CNE15,1
VRC07,SC05_8C11_2344,1
N6,CAP40_2_01_A3_5,1
10E8,CNE21,1
VRC26.25,2_J9,1
2413b,45_01DG5,1
VRC02,16845_2_22,1
3BNC117,15JS01,1
VRC26.07,CAP256_SU,1
SF12,211_9,1
DH651.5,703010217_B6,1
DJ85-a.01,6545_V4_C1,1
VRC01.23LS,UG024_2,1
Minimal BF520.1,398_F1_F6_20,1
4E10,YN112R_8,1
10E8,S50408_1083WK_C40,1
3BNC117,1HC1_W4_071216_D3_S66,1
VRC42.I3,CNE56,1
N6LS.C35,CNE19,1
O.5,REJO4541_67,1
NIH45-46,ZM247_V1,1
PG16,4_J22,1
N49P19,6811_V7_C18,1
NIH45-46,269_12,1
35O22,MUW101769A_EC07,1
PGDM1405,6540_V4_C1,1
PGT127,T250_4,1
2G12,DRVI01_0803_14,1
3BNC117,1HC2_W4_012216_A10_S1,1
PCT64-35G,DU156_12,1
HJ16,B009_ENV11,1
PGC14,JRCSF,1
PCIN77B1b,YU2,1
35O22,SC26_EC34,1
10E8,186_AT_SGA1,1
10E8,VRC607_12_00_F2,1
CH98,TV1_21,1
M1214_N1,CNE19,1
N6LS.C15,DU151_02,1
vFP7.04,CH117_4,1
VRC03,1054_07_TC4_1499,1
ElsE1,0013095_2_11,1
VRC34.01_mm28,ZM109_4,1
VRC-PG04,ZM215_8,1
PG16,CH117_4,1
PG9,FR_2012_173,1
1C2-rabbit,MN_3,1
12A21,WITO4160_33,1
VRC01,TSG23Y06A004_V4,1
DH511.11P,620345_C1,1
CH103,Q842_D12,1
N6LS.C51,ZM53_12,1
PGT121,TSG_EHI14,1
VRC01,V704_1654_760_RE_PBLIB006_S,1
VRC07-523-W54-LS.v3,89_6,1
PCDN-38B,WEAU_D15_410,1
NIH45-46,288_38,1
Min12A21,92BR020,1
LJF-0085,CH117_4,1
VRC07,TSG21S01A0003_STMART02,1
PGDM1400,704010069_C6,1
PC39-55B,89_6,1
LJF-0034,KNH1144,1
N60P25.1,ZM249_1,1
PGT131,APV_13,1
PGDM1400,1HD5K_D0_061416PL2_D12_S28,1
N49P9,CNE19,1
N6LS.C51,ZM215_8,1
PC39-39B,92BR020,1
4E10,21502011_F12_E2,1
VRC01.23LS,V704_2065_060_RE_P002S,1
VRC03,235_47,1
VRC03,SC30_EC11,1
PG16,VC5_15_130814_068,1
VRC-PG05,6811_V7_C18,1
N49P9.1,6244_13_B5_4567,1
N6LS.C1,T250_4,1
PGT121,VC5_15_136428_055,1
DJ85-a.01,BR07,1
VRC46.01,3016_V5_C45,1
FD22,57128_VRC15,1
PGDM1400,V703_1104_100_RE10GS,1
gVRC-H1dC38/VRC01L,DJ263_8,1
VRC34-pI4,MI369_A5,1
PGT128,CAP206_1_B5_Y681D,1
PCT64-35D,AC10_29,1
PGT151,AIIMS731_73105H,1
2F5,CE2010_F5_REV,1
179NC75,A07412M1_VRC12,1
PCIN71O,HXB2,1
VRC46.01,TRO_11,1
10-1074,1HD4K_D0_061516_F7_S57,1
PCT64-35G,CNE19,1
561_02_12,MS208_A1,1
VRC42.N1,CE1176_A3,1
IOMA,CNE40,1
VRC07,CH117_4,1
DJ85-a.01,0921_V2_C14,1
VRC40.02,KNH1209_18,1
N49P7.2,CNE58,1
10-1074,25711_2_4,1
CH01,CNE58,1
CH235.12,DJ263_8,1
N6LS.C51,CNE20,1
N49P11,ZM53_12,1
HGN194,BX08_16,1
N6,0815_V3_C3,1
VRC01,CNE68,1
1NC9,NAB9PRE_CL_106,1
PGT135,186_BT_SGA1,1
IOMAexFACEmin,704809221_1B3,1
PG9,CNE1,1
EN01_007,ZM246F,1
561_02_12,16845_2_22,1
GPZ6-a.01,CAP210_E8,1
VRC-PG04,RHPA4259_7,1
10E8v4,CE1176_A3,1
VRC01,TSG22Y03E0019_B19,1
N49P22,SC05_8C11_2344,1
CH103,NKU3006_EC1,1
Min12A21,KNH1144,1
VRC03f,703010217_B6,1
F425 B4e8,JRCSF,1
DFPH-a.15,BG505_W6M_C2,1
DH511.5,6540_V4_C1,1
N6LS.C35,CE1176_A3,1
N49P9.3,001428_2_42,1
PC39-28C,Q842_D12,1
VRC26.26,0439_V5_C1,1
N6,001428_2_42,1
VRC34.01_mm28,BJOX025000_01_1,1
N6,ADA,1
PGDM1400,20198102_E9_G1,1
PGT125,SC05_8C11_2344,1
DH511.2,6146_V7_C23,1
VRC06,KER2018_11,1
VRC-PG20,ZM249_1,1
VRC42.01,CNE3,1
Ab1271,BJOX002000_03_2,1
gVRC-H1dC38/VRC01L,KNH1209_18,1
5695-b.01,T250_4,1
VRC34.01,TSG22Y03E0010_B10,1
DH270 IA4,6101_1,1
EN01_007,V703_0217_050_RE_PBLIB002_S,1
PCIN71M1a,94UG103,1
N49P19,DU156_12,1
VRC-PG04b,6785_V5_C14,1
VRC40.01,Q168_A2,1
PGT143,T257_31,1
PGDM1400,6113_BL_B4_3,1
4E10,H029_12,1
HJ16,KNH1209_18,1
VRC26.10,T250_4,1
PC39-28C,DU422_1,1
PG16,GX13_7,1
VRC08,269_12,1
VRC01.23LS,00836_2_5,1
N6,CAP174_1_06_F3_1B,1
PGT130,VLGC_B3,1
2408c.3,R1166_C1,1
EN02_04_A06,V704_1835_150_RE_P001S_2484A,1
CH01,S50514_891WK_C4,1
VRC-CH32,Q842_D12,1
N6LS.C47,CNE57,1
PC39-17A,704809221_1B3,1
EN02_04_A06,V704_0372_250_RE_PBLIB001_S,1
10E8,GX90_1,1
10E8v4,JRFL,1
RHA10.04,703010200_1E5,1
EN02_04_A06,V703_1915_250_RE_SGAA3_S,1
4E10,BJOX028000_34_2,1
FD22,ZM55_28A,1
V031-a.01,001428_2_42,1
VRC26.25,KER2008_12,1
BG505.63,Q461_D1_PNS0D,1
8ANC195,BJOX009000_02_4,1
3BNC117,3305_BM_C1,1
DH511.2,CE2052_G10,1
N49P23,0815_V3_C3,1
10E8,S50252_603WK_C11,1
PGT151,V704_0855_080_ESN,1
vFP16.02,ZM106_9,1
BG18,704809221_1B3,1
PG9,QB099_391M_B1,1
1B2530,WITO4160_33,1
TRNM-f.01,263_8,1
VRC-CH31,3103_V3_C10,1
4E10,3273_P21_1,1
VRC06d,X1632_S2_B10,1
VRC40.01,R1166_C1,1
PGT145,BB539_2B13,1
PGDM1400,6041_V3_C23,1
10E8v4,V703_1104_100_RE_PBLIB001_S,1
N6LS.C1,CNE20,1
VRC26.25,CAP323_2_00_B6_45,1
VRC07-523-W54-LS.v3,ZM135_10A,1
HERH-a.01,DJ263_8,1
N6LS.C30,25925_2_22,1
PG9,BC05,1
VRC-CH31,ZM197_7,1
PC39-23C,CAAN5342,1
561_02_12,ME178_G6_16,1
561_01_18,TSG22Y03A0015_B15,1
PG9,AIIMS743_74311N,1
12A21,CBJC515_06_22,1
CH235.12,V703_0629_150_RE_PBLIB003_S,1
VRC06,6101_1,1
PGT121,TV1_29,1
N49P7,CE1176_A3,1
3BNC117,VRC607_11_14_A4,1
2F5,PRB958_06_TB1_4305,1
MEL-2129,6535_3,1
Bess1,CNE5,1
17b,NAB01_C24,1
